time,page_number
1678217732.1482682,66
1678217732.1702862,244
1678217732.1811972,117
1678217732.1921685,209
1678217732.2031593,156
1678217732.2141566,112
1678217732.2251964,95
1678217732.2361705,189
1678217732.247162,253
1678217732.2581508,71
